file,stoi,estoi,p808_mos,mos_sig,mos_bak,mos_ovr
cafe.wav,0.9999999999999979,1.0,2.5269398668979077,2.5372569107382477,1.8314771385466146,1.7826831962941665
