file,stoi,estoi,p808_mos,mos_sig,mos_bak,mos_ovr
cafe.wav,0.7978445333752708,0.7731632348797136,2.3380278851123566,1.433616672784345,1.2623645389624198,1.2035099913006309
