file,stoi,estoi,p808_mos,mos_sig,mos_bak,mos_ovr
all.wav,0.8716417608957211,0.7066614783018337,2.846511750181844,3.1504246456888874,2.866174430881288,2.461192116947566
