file,stoi,estoi,p808_mos,mos_sig,mos_bak,mos_ovr
all.wav,0.8274934080224475,0.656881868855751,3.0155885795223396,2.974011208016186,2.852494658551389,2.3045191755014405
