file,stoi,estoi,p808_mos,mos_sig,mos_bak,mos_ovr
cafe.wav,0.8065290306213488,0.7986656475866354,2.251982847173163,1.3834446601502897,1.2217882129488733,1.1753121149907395
